{"cameraMode":{"drawMode":0,"name":"Shaded","section":"Shading Mode"},"sceneLighting":true,"audioPlay":false,"sceneViewState":{"showFog":true,"showMaterialUpdate":true,"showSkybox":true,"showFlares":true,"showImageEffects":true,"showParticleSystems":true},"in2DMode":false,"pivot":{"x":75.33949279785156,"y":40.02133560180664,"z":51.74993896484375},"rotation":{"x":-0.09021569043397904,"y":-0.5297619700431824,"z":0.0567992702126503,"w":-0.8414214253425598},"size":39.89882278442383,"orthographic":false}